canonical_filename,sha256,file_size_bytes,directory
2009-01-14__MOCA__ACT__Legal_Metrology_Act_2009.pdf,f9d31f38f74c036ca4273ec35b8608e540c40f3cbc303807428f7996fa233839,249254,01_PRIMARY_ACTS
2010-02-15__MOCA__CORRIGENDUM__LM_Act_1st_Corrigendum.pdf,1a9f8f56804d400ebb29495c1b338e03eaa1cb2c81cdac0d0ef657d19ddb6363,2165024,01_PRIMARY_ACTS
2010-06-25__MOCA__CORRIGENDUM__LM_Act_2nd_Corrigendum.pdf,3a3776a03bd67bc1d6ffd04b3e47a25a3525d02b9f995c8815628d3c0f2aa4bb,2378107,01_PRIMARY_ACTS
2011-01-01__MOCA__NOTIFICATION__LM_Act_Commencement_Notification.pdf,b18b5722d26cd8a0671f553e9e0de903033e621959ddd19ccfa1e1d3e547171a,267628,04_OFFICIAL_NOTIFICATIONS
2011-01-31__MOCA__NOTIFICATION__LM_Act_Implementation_From_01_04_2011.pdf,b16b5cbd8be13bcd0a308bb217cb156b522248cb8f43ae2d4426b097421339de,375295,04_OFFICIAL_NOTIFICATIONS
2023-08-11__MOLJ__ACT__Jan_Vishwas_Act_2023.pdf,4deb23981d3010c8225a2ff6149e7243dc2268455b299e283afebdd7b72a7d15,182082,01_PRIMARY_ACTS
2023-11-07__MOCA__NOTIFICATION__Jan_Vishwas_2023_LM_Act_Enforcement.pdf,761ed065b8e4b2c44311bd56d1e3b04eb6b410dc105bcc5ce2efb34ad60059c4,1265911,04_OFFICIAL_NOTIFICATIONS
2026-02-13__MOCA__GAZETTE__Jan_Vishwas_Amendment_Provisions_Act_2026.pdf,d38327aac56a1dd06d44caed79eba8c328c82d981f9060edb6f8232176fb3ea6,1985125,01_PRIMARY_ACTS
2026-04-27__MOCA__NOTIFICATION__Jan_Vishwas_2026_LM_Act_Commencement.pdf,18039597ccc4521ee64d1235499bf3c9725c347a552f8743bf90e1d8ca4f39bb,496502,04_OFFICIAL_NOTIFICATIONS
2011-03-07__MOCA__RULES__Legal_Metrology_Packaged_Commodities_Rules_2011.pdf,48cd6acdb5475709631b741d71b2948d45713e7e8758ce531c19948a7e31f890,2392734,02_CURRENT_CONSOLIDATED_RULES
2011-06-23__MOCA__RULES__LMPC_1st_Amendment_2011.pdf,c7323a274b07fb765580b212676a26db87460328a2b17a81042ea89064dd0383,509666,03_PACKAGED_COMMODITIES_AMENDMENTS/2011
2011-09-09__MOCA__RULES__LMPC_2nd_Amendment_2011.pdf,6d18fe4066e71338f03d2bb9ed2a3faaf8f72de5be1cc41472039c93012bee16,397975,03_PACKAGED_COMMODITIES_AMENDMENTS/2011
2011-10-24__MOCA__RULES__LMPC_3rd_Amendment_2011.pdf,f3c7fb83b908062b15fad732fa8ec111fdb2a4cf675a24f6a5e3049218666f2a,2343190,03_PACKAGED_COMMODITIES_AMENDMENTS/2011
2011-11-15__MOCA__CORRIGENDUM__LMPC_3rd_Amendment_Corrigendum_2011.pdf,30f7fd7a227b912ba808127aa611651501334753a099df03b4b34780ed1cc0f6,398205,03_PACKAGED_COMMODITIES_AMENDMENTS/2011
2012-06-05__MOCA__RULES__LMPC_Amendment_2012.pdf,9af8f544d361f1c59986170656d8c68ef07c1e49b46d3bb6cbb35d705ba212dd,9128436,03_PACKAGED_COMMODITIES_AMENDMENTS/2012
2012-10-08__MOCA__RULES__LMPC_2nd_Amendment_2012.pdf,b40b37bb99c46f4594c65e81416aa4e3f9c020283549a4bc3f7d73ce2cb020fb,1789338,03_PACKAGED_COMMODITIES_AMENDMENTS/2012
2013-05-27__MOCA__RULES__LMPC_Amendment_2013.pdf,ab747b02a8f9984bd7103ac9978793ef948997a4b24ef010bae020f25cb73002,648352,03_PACKAGED_COMMODITIES_AMENDMENTS/2013
2014-06-06__MOCA__RULES__LMPC_1st_Amendment_2014.pdf,ac5a84eddcc8a2c44a691cbfb4b704d8452ad6e3860f82dfbc5cddf9eb62cdc3,382469,03_PACKAGED_COMMODITIES_AMENDMENTS/2014
2014-12-04__MOCA__RULES__LMPC_2nd_Amendment_2014.pdf,15cc007fcff301672e34cbb809fac2c96a24861fe86347ade38b13b76cf65db2,254797,03_PACKAGED_COMMODITIES_AMENDMENTS/2014
2015-05-14__MOCA__RULES__LMPC_1st_Amendment_2015.pdf,cd660e683148458112b782b284982ae181acadce3c6732d1c72a36f281c287fc,757439,03_PACKAGED_COMMODITIES_AMENDMENTS/2015
2016-09-07__MOCA__RULES__LMPC_Amendment_2016.pdf,f821dbe55907387c23a9bdedd20b64edec3c5c49a3f23ac41b86cb03b35c62ed,906960,03_PACKAGED_COMMODITIES_AMENDMENTS/2016
2017-06-23__MOCA__RULES__LMPC_Amendment_2017.pdf,eabd56ec42d156f9ad3f9e246dbf154a15e03320b29f4755fc9215d6e1137d28,1359398,03_PACKAGED_COMMODITIES_AMENDMENTS/2017
2017-10-06__MOCA__CORRIGENDUM__LMPC_Amendment_Corrigendum_2017.pdf,6ef9256a6296770c861cdeebf345339099227f990f67b8b02ae4dd50a9a5091b,1546031,03_PACKAGED_COMMODITIES_AMENDMENTS/2017
2021-11-02__MOCA__RULES__LMPC_Amendment_2021.pdf,2c4438340d2455a4fc7462ebe0d1dee8071073af5d77de0212bb090905be17d9,1421939,03_PACKAGED_COMMODITIES_AMENDMENTS/2021
2022-03-28__MOCA__RULES__LMPC_Amendment_2022.pdf,4d54d8e59d5e23c7133be0896f1fd7b01825e8df840e39156cf422dcec04f636,1163493,03_PACKAGED_COMMODITIES_AMENDMENTS/2022
2022-07-14__MOCA__RULES__LMPC_2nd_Amendment_QR_Code_2022.pdf,cb880c2c34bd57c32b7bb0d34da0c83abc53eb914a94e8208172359c5ea199ae,999521,03_PACKAGED_COMMODITIES_AMENDMENTS/2022
2022-08-22__MOCA__RULES__LMPC_3rd_Amendment_Garments_2022.pdf,15fc08f3139087a0a1e493a2ace5f1c640e132317363ef58591622ea26ddb50a,1054148,03_PACKAGED_COMMODITIES_AMENDMENTS/2022
2022-09-30__MOCA__RULES__LMPC_Amendment_Amendment_2022.pdf,4b5a8d7b286bdb6e51d6e438c64b30713d0eb0394ce7d290841e4eb5526ba951,834610,03_PACKAGED_COMMODITIES_AMENDMENTS/2022
2022-11-30__MOCA__RULES__LMPC_Amendment_2022.pdf,9e38ad5ea572261d813795526c6983885d1dac54560c48346389e5afcff63c03,715874,03_PACKAGED_COMMODITIES_AMENDMENTS/2022
2023-01-27__MOCA__RULES__LMPC_Amendment_Amendment_2023.pdf,a87c85772867760310ad169de804820ec058f3087dfdc681b79976e3103fd597,782794,03_PACKAGED_COMMODITIES_AMENDMENTS/2023
2023-03-24__MOCA__RULES__LMPC_Amendment_Amendment_2023.pdf,14be3ad1ebf218d0c30e2ea4075b16f72c8aecadcb06914f1374b10ba77ed833,1619405,03_PACKAGED_COMMODITIES_AMENDMENTS/2023
2023-06-05__MOCA__RULES__LMPC_Amendment_Extension_2023.pdf,397c4ddb1b228e4b6547b8f53c229ca4c3785bcf324ffe4222f54dc115f5fb70,883557,03_PACKAGED_COMMODITIES_AMENDMENTS/2023
2023-06-23__MOCA__RULES__LMPC_Amendment_QR_Code_2023.pdf,9907a586752b31fc374b4ebd6c30fe3c3cd38c313367adec7dc96b0548a5e6b6,1091815,03_PACKAGED_COMMODITIES_AMENDMENTS/2023
2023-06-28__MOCA__RULES__LMPC_Amendment_Extension_2023.pdf,8c3e04f8698509270bfecac47ebfbc20388e20eacb6e044a22ba9e96df18a37d,550122,03_PACKAGED_COMMODITIES_AMENDMENTS/2023
2023-08-30__MOCA__RULES__LMPC_Amendment_2023.pdf,d297b06f02ac0a3f608757a7932987e85960dbdf7722b399ae2b070bd969c5d3,472307,03_PACKAGED_COMMODITIES_AMENDMENTS/2023
2023-09-30__MOCA__RULES__LMPC_Amendment_Extension_2023.pdf,295e1be477f7773b2f0c76a6526b025488499222e28b7c255b0364b9366cc5d6,904888,03_PACKAGED_COMMODITIES_AMENDMENTS/2023
2023-10-06__MOCA__RULES__LMPC_Amendment_2023.pdf,c879c63b5b51e349c36a4e2a21837d0d7e5dfba11705256b83bcafd3c81325f5,1203549,03_PACKAGED_COMMODITIES_AMENDMENTS/2023
2025-10-24__MOCA__RULES__LMPC_Amendment_2025.pdf,39753ec4c00f95c35083453b16f2d2beb14a0ca04da68437aae30bedcfa1107c,1251662,03_PACKAGED_COMMODITIES_AMENDMENTS/2025
2025-12-02__MOCA__RULES__LMPC_2nd_Amendment_2025.pdf,167895c9fce5472ecfa843e93fac4a7dfd8b715f9f9a9c31c788bdd8df3ebc6e,549458,03_PACKAGED_COMMODITIES_AMENDMENTS/2025
2026-02-13__MOCA__RULES__LMPC_Amendment_2026.pdf,f33b364a475165c4cb6705333405b507fa6eac2b9c78ad5f14ad3d90617ee660,656329,03_PACKAGED_COMMODITIES_AMENDMENTS/2026
2026-04-27__MOCA__RULES__LMPC_2nd_Amendment_2026.pdf,33f197c759a5a57a071262db62214a2c11d5fce070b74708a79d36056b625e46,629077,03_PACKAGED_COMMODITIES_AMENDMENTS/2026
2026-05-29__MOCA__RULES__LMPC_3rd_Amendment_2026.pdf,643230e3b84eae6a3dfdd0417873ab9ba5687228cc724b08ac7d61a4b77dbefa,1244542,03_PACKAGED_COMMODITIES_AMENDMENTS/2026
2011-04-29__MOCA__GUIDELINES__Implementation_Guidelines_LM_Act_PCR.pdf,721ecee26e321e94712b0d40683d18a78792fc4e1c667d9cb08f957bd0e607ec,624995,05_OFFICIAL_FAQ_GUIDANCE
2011-09-30__MOCA__GUIDELINES__Implementation_Guidelines_LM_Act_PCR.pdf,2d0483c0154a19a781c77a8acfb5433d37cb2263d6b3e1eebe6d88d416e547c2,447525,05_OFFICIAL_FAQ_GUIDANCE
2016-12-16__MOCA__ADVISORY__Readymade_Garments_Hosiery_PCR.pdf,fdc55f3d26b0c557226429c74f83a4a4c96343d2561e81bd17ea5d9fbc1ff5b3,557732,05_OFFICIAL_FAQ_GUIDANCE
2023-03-06__MOCA__ADVISORY__Fuel_Capacity_Vehicle_Tank_PCR.pdf,8f26fc1e6b509aacef2ad6757545265bbd66ff0050af29cbc3e3234b08ee2e5e,370560,05_OFFICIAL_FAQ_GUIDANCE
2023-03-06__MOCA__ADVISORY__Agriculture_Farm_Produce_Upto_50kg_PCR.pdf,79ecb512744d059406e415c901115c8dfac629c46920012a4b578262e4957ed2,347344,05_OFFICIAL_FAQ_GUIDANCE
2023-07-10__MOCA__ADVISORY__Medical_Devices_Revision_Of_Prices_PCR.pdf,51cf787d3e2d4b9949a3161ef11a6e62d961714ac258e964a175f6302b3ce1a2,411936,05_OFFICIAL_FAQ_GUIDANCE
2025-11-20__MOCA__FAQ__Legal_Metrology_FAQ.pdf,a1095f985cdb5ba62079aa103b10126c9e9d4364d2a8402103d00d15a79c54c0,4700655,05_OFFICIAL_FAQ_GUIDANCE
2017-07-04__MOCA__GST__Permission_Rule_33_Relaxing_Rule_18_3.pdf,b52576763c0c3b5885d40eacb3b7bdfdc7c948323af349015e88f6140cc389d7,719790,05_OFFICIAL_FAQ_GUIDANCE/GST
2017-11-17__MOCA__GST__Permission_Declare_Revised_MRP_Unsold_Stock.pdf,9d191bebb6fe514077205270f13bd800fe6a9d5ea06f75deed03e82801619a62,604527,05_OFFICIAL_FAQ_GUIDANCE/GST
2017-07-07__MOCA__GST__Impact_Of_GST_On_Unsold_Stock.pdf,44ca821df97af26df13243ed36060da4e67ff574ae1d23d841ad121cc69c1508,365109,05_OFFICIAL_FAQ_GUIDANCE/GST
2017-07-18__MOCA__GST__Joint_Clarification_DoR_DoCA.pdf,ae1e94941565cb5d8bf1c6e4f4254274ce3e19d31f59b07c838bb665627ab043,103347,05_OFFICIAL_FAQ_GUIDANCE/GST
2017-07-20__MOCA__GST__Legal_Metrology_GST_FAQs.pdf,768f61dafad8ac8580ee0ca460cdf7831d65106896b5ef991c1f0397ca930509,34734,05_OFFICIAL_FAQ_GUIDANCE/GST
2017-11-16__MOCA__GST__Notification_MRP_Revision.pdf,31e88334bfaaafa1400b33916a8cf57f348fb5c4c748642c91a73b969f922409,349662,05_OFFICIAL_FAQ_GUIDANCE/GST
2017-11-20__MOCA__GST__MRP_Unsold_Prepackaged_Commodities.pdf,1d4cca3b360fae6519712bbb1b56f7483b11aa5d8062519e9696e02f3d11781d,2218720,05_OFFICIAL_FAQ_GUIDANCE/GST
2010-12-31__MOCA__RULES__Model_Draft_Legal_Metrology_Enforcement_Rules_2010.pdf,4b2150a857892425494375f5d1fe4cdfb12f755b3595f2e703f2346ea41401b1,640410,06_OFFICIAL_ENFORCEMENT_INSPECTION
2023-12-29__MOCA__SOP__Edible_Oils_Fats_Net_Quantity_Measurement.pdf,c1aeded56ff35bde5c2d44cfbde3f5c5a86f1905870a70e4ded4345438e048c0,2348207,06_OFFICIAL_ENFORCEMENT_INSPECTION
2025-01-15__NIC_DOCA__WORKFLOW__eMaap_Enforcement_Flow.pdf,9d3031b0579d942f1d15ab99e768c3e7b807a9598178bc60845c2b10cca1fd82,1108394,06_OFFICIAL_ENFORCEMENT_INSPECTION
2025-01-15__NIC_DOCA__WORKFLOW__eMaap_Packaged_Commodities_Rules_Flow.pdf,11b4585405de09b263927f4c99edceb306c7a5c02d5813f3113cdf6311c4a9c0,42267,07_E_MAAP
2025-01-15__NIC_DOCA__DOC__eMaap_System_Design_Document.pdf,e8256dfb5091a01d1a1658ec5d08b770edebfc1609a34d626281567a1f1d45b5,5637322,07_E_MAAP
2025-01-15__NIC_DOCA__SPEC__NIC_eMaap_Functional_Requirements_Specification.pdf,9d6ce79484ff570784e27abbb8cf46302891732096448fe37742f45237f4d538,2299953,07_E_MAAP
2007-10-12__SC__JUDGMENT__Whirlpool_Of_India_vs_UOI_Prepackaged_Commodity.pdf,6670734d734bb681f8ba068df9f08ec510daa79d85edb762a8071ffdd995581a,13963,06_OFFICIAL_ENFORCEMENT_INSPECTION/JUDGMENTS
2007-08-23__SC__JUDGMENT__Jayanti_Food_Processing_vs_CCE.pdf,c044632f50cb76f7e71bbf6ddedcc866b1bd0bad3962b5168934a3d93e9cc045,82093,06_OFFICIAL_ENFORCEMENT_INSPECTION/JUDGMENTS
1999-08-03__SC__JUDGMENT__India_Photographic_vs_HD_Shourie_MRP.pdf,e0964ed46eab5a597bee71913b9b9379c0a6116ba50470d1e4cce245650bb758,23913,06_OFFICIAL_ENFORCEMENT_INSPECTION/JUDGMENTS
1999-09-17__SC__JUDGMENT__State_Of_Kerala_vs_Flora_Enforcement.pdf,6de4ef5c08f4d1ec810f22fc79a075105b5aaca523028c3393ee5372d560ea25,2619547,06_OFFICIAL_ENFORCEMENT_INSPECTION/JUDGMENTS
2008-05-23__DHC__JUDGMENT__Reebok_India_vs_UOI_Mandatory_Declarations.pdf,9d7d6350ee683c5c9880e6923d40bf085b9d73330bbed5bcc98bbe3451f745d1,256572,06_OFFICIAL_ENFORCEMENT_INSPECTION/JUDGMENTS
2015-03-05__DHC__JUDGMENT__UOI_vs_National_Restaurant_Association_MRP.pdf,e32da3fb6e024730d56d29f8003ce46d1516c7a426c6b954c57ee07d5d77320c,160906,06_OFFICIAL_ENFORCEMENT_INSPECTION/JUDGMENTS
2017-07-25__MOCA__GST__GST_for_Common_Man.pdf,64ef13f9c754ff74f62a0095e368103368d10a71727073533070eb710d39c5fc,436502,05_OFFICIAL_FAQ_GUIDANCE/GST
2017-11-10__MOCA__GST__Consumers_Benefit_Lower_GST_Rates.pdf,f1f1eb4ce4a3ff43f177d5ee60a9a079732c5bb01a86efd9ad30ef16e50e5bb8,1277747,05_OFFICIAL_FAQ_GUIDANCE/GST
2018-02-07__MAHA__RULES__Maharashtra_LM_Enforcement_Amendment_Rules_2018.pdf,cb87134a72cef99183e6a3074102838424b5e7fee8ea774e49b9a62f097b9059,110419,08_STATE_LEGAL_METROLOGY
2024-01-15__MOCA__ADVISORY__Edible_Oils_Fats_Net_Quantity_SoP_Amendment.pdf,416b84767db52019122ea6adc1399dc8dd61ee5db13df21c5b4fb62a384205fa,743310,06_OFFICIAL_ENFORCEMENT_INSPECTION
2024-03-15__MOCA__ADVISORY__Use_of_Customary_Units_Supplementary_Statements.pdf,49722b84ace4bcd9ee21dc8aaed6fe4e4106ef3fc8e7acde9d7d13dca38293ea,634335,05_OFFICIAL_FAQ_GUIDANCE
2024-05-10__MOCA__ADVISORY__NITI_Aayog_Non_Financial_Regulatory_Reforms.pdf,03f01cdd593a0deb7b2c3681c3a7f08f5c4e59fc0f499cf4fad28d5c0b05be52,674591,05_OFFICIAL_FAQ_GUIDANCE
